/products/76697321/?ref=%EA%B2%80%EC%83%89%EA%B2%B0%EA%B3%BC&keyword=%EC%9E%90%EC%A0%84%EA%B1%B0,[M] 비앙키 임풀소,"1,300,000원"
/products/76394383/?ref=%EA%B2%80%EC%83%89%EA%B2%B0%EA%B3%BC&keyword=%EC%9E%90%EC%A0%84%EA%B1%B0,"실바니안베베,자전거세트","23,900원"
/products/70265816/?ref=%EA%B2%80%EC%83%89%EA%B2%B0%EA%B3%BC&keyword=%EC%9E%90%EC%A0%84%EA%B1%B0,스파르타 Z5 (스피닝자전거),"500,000원"
/products/75964126/?ref=%EA%B2%80%EC%83%89%EA%B2%B0%EA%B3%BC&keyword=%EC%9E%90%EC%A0%84%EA%B1%B0,블랙 울프 21단 기어 MTB 자전거 650b,"110,000원"
/products/67680966/?ref=%EA%B2%80%EC%83%89%EA%B2%B0%EA%B3%BC&keyword=%EC%9E%90%EC%A0%84%EA%B1%B0,크루백 힙색 웨이스트백 (블랙),"19,000원"
/products/77003539/?ref=%EA%B2%80%EC%83%89%EA%B2%B0%EA%B3%BC&keyword=%EC%9E%90%EC%A0%84%EA%B1%B0,[530] 벨로라인클라우드 하이브리드 7단,"200,000원"
/products/76782985/?ref=%EA%B2%80%EC%83%89%EA%B2%B0%EA%B3%BC&keyword=%EC%9E%90%EC%A0%84%EA%B1%B0,[S] 메리다 리엑토400 자전거팝니다,"830,000원"
/products/76335957/?ref=%EA%B2%80%EC%83%89%EA%B2%B0%EA%B3%BC&keyword=%EC%9E%90%EC%A0%84%EA%B1%B0,[M] [m]자이언트 디파이3,"270,000원"
/products/73234019/?ref=%EA%B2%80%EC%83%89%EA%B2%B0%EA%B3%BC&keyword=%EC%9E%90%EC%A0%84%EA%B1%B0,[520] 언노운 프레임셋 판매,"350,000원"
/products/61048340/?ref=%EA%B2%80%EC%83%89%EA%B2%B0%EA%B3%BC&keyword=%EC%9E%90%EC%A0%84%EA%B1%B0,자전거 전조등 헤드라이트 안전등 후레쉬,"6,000원"
/products/76958282/?ref=%EA%B2%80%EC%83%89%EA%B2%B0%EA%B3%BC&keyword=%EC%9E%90%EC%A0%84%EA%B1%B0,미소 자전거,"90,000원"
/products/75407308/?ref=%EA%B2%80%EC%83%89%EA%B2%B0%EA%B3%BC&keyword=%EC%9E%90%EC%A0%84%EA%B1%B0,"자전거.킥보드.전기스쿠터용트레일러 판매,교환","80,000원"
/products/75480318/?ref=%EA%B2%80%EC%83%89%EA%B2%B0%EA%B3%BC&keyword=%EC%9E%90%EC%A0%84%EA%B1%B0,엔진 볼텍스,"500,000원"
/products/75698550/?ref=%EA%B2%80%EC%83%89%EA%B2%B0%EA%B3%BC&keyword=%EC%9E%90%EC%A0%84%EA%B1%B0,스넬로 미니벨로 자전거,"150,000원"
/products/50403170/?ref=%EA%B2%80%EC%83%89%EA%B2%B0%EA%B3%BC&keyword=%EC%9E%90%EC%A0%84%EA%B1%B0,(바로배송)대형 방수 스티커 바이크 자동차 자전거 스티커 몬스터 데칼,"3,000원"
/products/76739773/?ref=%EA%B2%80%EC%83%89%EA%B2%B0%EA%B3%BC&keyword=%EC%9E%90%EC%A0%84%EA%B1%B0,삼발이달린 픽시 판매합니다~~,"200,000원"
/products/76838185/?ref=%EA%B2%80%EC%83%89%EA%B2%B0%EA%B3%BC&keyword=%EC%9E%90%EC%A0%84%EA%B1%B0,[54]스페셜라이즈드 알레 스프린트,"1,000,000원"
/products/75169930/?ref=%EA%B2%80%EC%83%89%EA%B2%B0%EA%B3%BC&keyword=%EC%9E%90%EC%A0%84%EA%B1%B0,[M] 광주광역시 자전거 하이브리드 픽시,"95,000원"
/products/76210929/?ref=%EA%B2%80%EC%83%89%EA%B2%B0%EA%B3%BC&keyword=%EC%9E%90%EC%A0%84%EA%B1%B0,미토캐리어,"50,000원"
/products/40663424/?ref=%EA%B2%80%EC%83%89%EA%B2%B0%EA%B3%BC&keyword=%EC%9E%90%EC%A0%84%EA%B1%B0,스트릿 방수  캐리어스티커  자전거 노트북 캐릭터 60장 가격,"5,500원"
/products/72341406/?ref=%EA%B2%80%EC%83%89%EA%B2%B0%EA%B3%BC&keyword=%EC%9E%90%EC%A0%84%EA%B1%B0,에코라이더 프로(전기스쿠터 가격내림),"1,100,000원"
/products/76341334/?ref=%EA%B2%80%EC%83%89%EA%B2%B0%EA%B3%BC&keyword=%EC%9E%90%EC%A0%84%EA%B1%B0,"로드 자전거 리들리(헬멧,클릿슈즈) 자세한건 클릭!","1,000,000원"
/products/73329898/?ref=%EA%B2%80%EC%83%89%EA%B2%B0%EA%B3%BC&keyword=%EC%9E%90%EC%A0%84%EA%B1%B0,삼천리 팻바이크 허리케인 레드 팝니다,"400,000원"
/products/75533603/?ref=%EA%B2%80%EC%83%89%EA%B2%B0%EA%B3%BC&keyword=%EC%9E%90%EC%A0%84%EA%B1%B0,[520] 제이미스 소닉,"250,000원"
/products/68679498/?ref=%EA%B2%80%EC%83%89%EA%B2%B0%EA%B3%BC&keyword=%EC%9E%90%EC%A0%84%EA%B1%B0,자전거용 폰 거치대,"2,000원"
/products/74107208/?ref=%EA%B2%80%EC%83%89%EA%B2%B0%EA%B3%BC&keyword=%EC%9E%90%EC%A0%84%EA%B1%B0,맨하탄 포티지 자전거용 가방!! 판매합니다,"35,000원"
/products/76549496/?ref=%EA%B2%80%EC%83%89%EA%B2%B0%EA%B3%BC&keyword=%EC%9E%90%EC%A0%84%EA%B1%B0,삼천리 엑스존 GS 20 자전거 미개봉 판매 합니다.,"220,000원"
/products/76851838/?ref=%EA%B2%80%EC%83%89%EA%B2%B0%EA%B3%BC&keyword=%EC%9E%90%EC%A0%84%EA%B1%B0,알톤 전기 자전거,"350,000원"
/products/75368056/?ref=%EA%B2%80%EC%83%89%EA%B2%B0%EA%B3%BC&keyword=%EC%9E%90%EC%A0%84%EA%B1%B0,[7000] 15 엘립스 리어 타튜 포함 13 급쳐 합니다,"130,000원"
/products/59893528/?ref=%EA%B2%80%EC%83%89%EA%B2%B0%EA%B3%BC&keyword=%EC%9E%90%EC%A0%84%EA%B1%B0,SANNOW SPECIAL 명품 클레식 로드 자전거150~ 80~50만,"500,000원"
/products/62418055/?ref=%EA%B2%80%EC%83%89%EA%B2%B0%EA%B3%BC&keyword=%EC%9E%90%EC%A0%84%EA%B1%B0,다혼 미니벨로 접이식 자전거 25만,"250,000원"
/products/76840911/?ref=%EA%B2%80%EC%83%89%EA%B2%B0%EA%B3%BC&keyword=%EC%9E%90%EC%A0%84%EA%B1%B0,삼천리  자전거  새거입니다,0원
/products/76982883/?ref=%EA%B2%80%EC%83%89%EA%B2%B0%EA%B3%BC&keyword=%EC%9E%90%EC%A0%84%EA%B1%B0,2015 템테이션 블랙 팝니다,"210,000원"
/products/76864754/?ref=%EA%B2%80%EC%83%89%EA%B2%B0%EA%B3%BC&keyword=%EC%9E%90%EC%A0%84%EA%B1%B0,[L] 로가스 다운타운[L],"950,000원"
/products/70816904/?ref=%EA%B2%80%EC%83%89%EA%B2%B0%EA%B3%BC&keyword=%EC%9E%90%EC%A0%84%EA%B1%B0,[470] [삼천리]하이브리드자전거,"100,000원"
/products/77002258/?ref=%EA%B2%80%EC%83%89%EA%B2%B0%EA%B3%BC&keyword=%EC%9E%90%EC%A0%84%EA%B1%B0,대차 구해요 크레이지 허튼 h fx 허튼 2 보다 상급,"400,000원"
/products/74885676/?ref=%EA%B2%80%EC%83%89%EA%B2%B0%EA%B3%BC&keyword=%EC%9E%90%EC%A0%84%EA%B1%B0,엘파마e2500 로드자전거,"270,000원"
